station,date,PL,EPF,VSF,CF_data,AERSI,confidence,city,state,latitude,longitude
" Indira Nagar, Raebareli - NTPC Unchahar",2026-09-07,1.2345,1.0,1.0375,0.97,1.1214,High,Raebareli,Uttar Pradesh,26.207781,81.245571
"15th Mile-Nongthymmai, Byrnihat -Meghalaya PCB",2026-09-07,1.7866,1.488,1.8522,0.74,1.7222,Medium,Byrnihat,Meghalaya,26.079047,91.875185
"32Bungalows, Bhilai - CECB",2026-09-07,0.7844,1.0,1.1471,1.0,0.9166,High,Bhilai,Chhattisgarh,21.194815,81.31477
"AIIMS, Raipur - CECB",2026-09-07,0.7852,1.0,1.1615,1.0,0.9199,High,Raipur,Chhattisgarh,21.258815,81.578979
"Adarsh Nagar, Jaipur - RSPCB",2026-09-07,1.3847,1.2148,1.1386,0.96,1.2761,High,Jaipur,Rajasthan,26.902909,75.836858
"Airport Area, Indore - IMC",2026-09-07,1.2094,1.1118,1.3588,0.94,1.2192,High,Indore,Madhya Pradesh,22.7289,75.8076
"Alipur, Delhi - DPCC",2026-09-02,1.5603,1.5164,1.501,0.88,1.5343,High,Delhi,Delhi,28.815329,77.15301
"Ambazari, Nagpur - MPCB",2026-09-07,1.0603,1.0,1.2123,0.99,1.0805,High,Nagpur,Maharashtra,21.121801,79.04952
"Ambedkar Nagar, Nellore - APPCB ",2026-09-07,1.4235,1.2373,1.2335,0.99,1.3262,High,Nellore,Andhra Pradesh,14.438164,79.966814
"Amity University, Panchgaon - IITM",2026-09-07,1.4453,1.3939,1.4779,0.96,1.4403,High,Panchgaon,Haryana,28.3153,76.9143
"Anand Kala Kshetram, Rajamahendravaram - APPCB",2026-09-07,1.0364,1.0333,1.1651,1.0,1.0664,High,Rajamahendravaram,Andhra Pradesh,16.9872867,81.7363176
"Anand Nagar, Raebareli - UPPCB",2026-09-07,1.5211,1.2214,1.0,0.87,1.2966,High,Raebareli,Uttar Pradesh,26.219512,81.237648
"Anand Vihar, Delhi - DPCC",2026-09-07,2.5681,1.8235,1.4506,0.96,2.0437,High,Delhi,Delhi,28.647622,77.315809
"Anand Vihar, Hapur - UPPCB",2026-09-07,1.4485,1.4472,1.5299,0.94,1.4681,High,Hapur,Uttar Pradesh,28.725645,77.749675
"Anthoni Pillai Nagar, Gummidipoondi - TNPCB",2026-09-07,2.2663,2.0,1.6199,0.9,2.0197,High,Gummidipoondi,Tamil Nadu,13.4127,80.1081
"Ardhali Bazar, Varanasi - UPPCB",2026-09-07,1.1412,1.0389,1.2553,0.92,1.1416,High,Varanasi,Uttar Pradesh,25.3505986,82.9083074
"Arumbakkam, Chennai - TNPCB",2026-09-07,1.2642,1.0333,1.2501,0.9,1.1987,High,Chennai,Tamil Nadu,13.0664,80.2112
"Arya Nagar, Bahadurgarh - HSPCB",2026-09-07,1.4071,1.2,1.2505,1.0,1.3129,High,Bahadurgarh,Haryana,28.6701,76.9254
"Asansol Court Area, Asansol - WBPCB",2026-09-07,1.1626,1.0,1.2036,1.0,1.1294,High,Asansol,West Bengal,23.685297,86.945968
"Ashok Nagar, Udaipur - RSPCB",2026-09-07,1.5342,1.5521,1.279,0.98,1.4702,High,Udaipur,Rajasthan,24.5886166,73.6321397
"Ashok Vihar, Delhi - DPCC",2026-09-07,1.5488,1.712,1.4697,0.99,1.5674,High,Delhi,Delhi,28.695381,77.181665
"Ashta Vinayak Nagar, Hingoli - MPCB",2026-09-07,1.1097,1.1333,1.208,1.0,1.1395,High,Hingoli,Maharashtra,19.710842,77.151824
"Aya Nagar, Delhi - IITM",2026-09-07,1.4379,1.2667,1.3067,0.9,1.3601,High,Delhi,Delhi,28.4706914,77.1099364
"B R Ambedkar University, Lucknow - UPPCB",2026-09-07,1.2389,1.276,1.2397,0.98,1.2483,High,Lucknow,Uttar Pradesh,26.766433,80.927299
"Ballygunge, Kolkata - WBPCB",2026-09-07,1.0822,1.0,1.2917,0.99,1.109,High,Kolkata,West Bengal,22.5367507,88.3638022
"Bamboliya, Baran - RSPCB",2026-09-07,0.9366,1.0,1.1867,0.98,1.0101,High,Baran,Rajasthan,25.106006,76.469948
"Bandhavgar Colony, Satna - Birla Cement",2026-09-07,1.3296,1.0,1.0,1.0,1.1531,High,Satna,Madhya Pradesh,24.58434363,80.8549414
"Bandra Kurla Complex, Mumbai - IITM",2026-09-07,0.9162,1.0,1.0887,0.91,0.9777,High,Mumbai,Maharashtra,19.053536,72.84643
"Bandra Kurla Complex, Mumbai - MPCB",2026-09-07,0.9503,1.0,1.1471,0.95,1.0089,High,Mumbai,Maharashtra,19.065931,72.862131
"Bapuji Nagar, Bengaluru - KSPCB",2026-09-07,1.1023,1.0,1.0997,0.99,1.0751,High,Bengaluru,Karnataka,12.951913,77.539784
"Bapunagar, Vadodara - Nexteng Enviro",2026-09-07,1.1738,1.0,1.1224,1.0,1.1152,High,Vadodara,Gujarat,22.320153,73.216285
"Bardowali, Agartala - Tripura SPCB",2026-09-07,1.133,1.0,1.1759,1.0,1.1084,High,Agartala,Tripura,23.8175497,91.2726974
"Barsua Iron Ore Mines, Tensa - OSPCB",2026-09-07,0.8056,1.0,1.05,0.88,0.9085,High,Tensa,Odisha,21.869985,85.167016
"Bata Chowk, Nalbari - PCBA",2026-09-07,1.3477,1.4568,1.5638,0.93,1.4262,High,Nalbari,Assam,26.446912,91.439057
"Bawana, Delhi - DPCC",2026-09-07,1.979,1.7668,1.6075,0.95,1.8263,High,Delhi,Delhi,28.7762,77.051074
"Belur Math, Howrah - WBPCB",2026-09-07,1.1478,1.1333,1.342,1.0,1.1897,High,Howrah,West Bengal,22.629801,88.352017
"Bhatagaon New ISBT, Raipur - CECB",2026-09-07,0.6554,1.0333,1.1543,1.0,0.846,High,Raipur,Chhattisgarh,21.219665,81.630094
"Bhayandar West, Mira-Bhayandar - MPCB",2026-09-07,0.809,1.0,1.0739,0.99,0.9156,High,Mira-Bhayandar,Maharashtra,19.296481,72.840923
"Bhelupur, Varanasi - UPPCB",2026-09-07,1.394,1.4,1.3413,1.0,1.3821,High,Varanasi,Uttar Pradesh,25.301778,82.996789
"Bhoiwada, Dungarpur - RSPCB",2026-09-07,1.1905,1.0667,1.2036,1.0,1.1615,High,Dungarpur,Rajasthan,23.837789,73.714926
"Bhopal Chauraha, Dewas - MPPCB",2026-09-07,1.4648,1.0333,1.123,1.0,1.2561,High,Dewas,Madhya Pradesh,22.9682591,76.064118
"Bhosari, Pune - IITM",2026-09-07,1.1953,1.0,1.1974,0.88,1.1436,High,Pimpri-Chinchwad,Maharashtra,18.640051,73.848956
"Bhumkar Nagar, Pune - IITM",2026-09-07,1.1784,1.0,1.279,0.7,1.1544,Medium,Pimpri-Chinchwad,Maharashtra,18.60577,73.749976
"Bidhannagar, Kolkata - WBPCB",2026-09-07,0.9758,1.0,1.1974,0.96,1.0333,High,Kolkata,West Bengal,22.58157048,88.41002457
"Bir, Beed - MPCB",2026-09-07,0.8676,1.0,1.1107,1.0,0.9562,High,Beed,Maharashtra,18.988474,75.753873
"Bolinj, Virar - MPCB",2026-09-07,0.855,1.0,1.1107,0.96,0.9493,High,Virar,Maharashtra,19.445821,72.7988231
"Bollaram Industrial Area, Hyderabad - TSPCB",2026-09-07,0.9191,1.0,1.0555,0.81,0.9717,Medium,Hyderabad,Telangana,17.518,78.383
"Borivali East, Mumbai - IITM",2026-09-07,1.0807,1.0,1.0818,0.9,1.0602,High,Mumbai,Maharashtra,19.23241,72.86895
"Borivali East, Mumbai - MPCB",2026-09-07,0.8666,1.0,1.0389,0.84,0.9398,Medium,Mumbai,Maharashtra,19.2243333,72.8658113
"Botanical Garden, Howrah - WBPCB",2026-09-07,1.2124,1.2667,1.3578,1.0,1.261,High,Howrah,West Bengal,22.554954,88.292568
"Buddha Colony, Muzaffarpur - BSPCB",2026-09-07,1.158,1.2,1.3025,1.0,1.2032,High,Muzaffarpur,Bihar,26.11442,85.39813
"Buddhi Vihar, Moradabad - UPPCB",2026-09-07,1.194,1.0,1.1754,1.0,1.1377,High,Moradabad,Uttar Pradesh,28.83526,78.7446
"Burari Crossing, Delhi - IITM",2026-09-07,1.5497,1.3729,1.3927,0.89,1.4638,High,Delhi,Delhi,28.7256504,77.2011573
"Byculla, Mumbai - BMC",2026-09-07,0.7328,1.0,1.0739,1.0,0.8715,High,Mumbai,Maharashtra,18.9767,72.838
"CBD Belapur, Belapur - MPCB",2026-09-07,1.0059,1.0,1.1782,0.97,1.0449,High,Belapur,Maharashtra,19.0243902,73.0406721
"CDA Area, Cuttack - OSPCB",2026-09-07,1.0978,1.0,1.1759,0.98,1.0911,High,Cuttack,Odisha,20.48891,85.84768
"CRRI Mathura Road, Delhi - IITM",2026-09-07,1.5783,1.5333,1.2758,0.9,1.4858,High,Delhi,Delhi,28.5512005,77.2735737
"Cantonment Area, Delhi - DPCC",2026-09-07,0.8608,1.0,1.2397,0.99,0.979,High,Delhi,Delhi,28.594169,77.1251
"Central Academy for SFS, Byrnihat - PCBA",2026-09-07,1.7336,1.9832,1.2945,0.99,1.6666,High,Byrnihat,Assam,26.071318,91.87488
"Central University, Hyderabad - TSPCB",2026-09-07,0.7509,1.0,1.1015,1.0,0.8878,High,Hyderabad,Telangana,17.460103,78.334361
"Chakala-Andheri East, Mumbai - IITM",2026-09-07,0.8202,1.0,1.096,1.0,0.9266,High,Mumbai,Maharashtra,19.11074,72.86084
"Chalai Bazaar, Ramanathapuram - TNPCB",2026-09-02,0.5467,1.0,1.0,0.41,0.7394,Low,Ramanathapuram,Tamil Nadu,9.36399,78.831977
"Chandkheda, Ahmedabad - IITM",2026-09-07,1.2758,1.2,1.2036,1.0,1.2382,High,Ahmedabad,Gujarat,23.107969,72.574648
"Chandni Chowk, Delhi - IITM",2026-09-07,1.5565,1.6667,1.4176,1.0,1.5468,High,Delhi,Delhi,28.656756,77.227234
"Charitra Van, Buxar - BSPCB",2026-08-17,2.2981,1.2582,1.0,0.72,1.6055,Medium,Buxar,Bihar,25.56752,83.966379
"Chauhan Colony, Chandrapur - MPCB",2026-09-07,1.2313,1.2,1.476,1.0,1.2801,High,Chandrapur,Maharashtra,19.9629,79.298714
"Chembur, Mumbai - MPCB",2026-09-07,0.7873,1.0,1.0666,0.98,0.9017,High,Mumbai,Maharashtra,19.0364585,72.8954371
"Chhatrapati Shivaji Intl. Airport (T2), Mumbai - MPCB",2026-09-07,1.0311,1.0,1.096,0.84,1.039,Medium,Mumbai,Maharashtra,19.10078,72.87462
"Chhoti Gwaltoli, Indore - MPPCB",2026-09-07,1.4857,1.1667,1.1117,1.0,1.3007,High,Indore,Madhya Pradesh,22.431,75.5213
"Chikkaballapur Rural, Chikkaballapur - KSPCB",2026-09-07,0.7698,1.0381,1.1723,0.93,0.9216,High,Chikkaballapur,Karnataka,13.428828,77.731418
"Chinchpada, Ambernath - MPCB",2026-09-07,1.1326,1.0667,1.3115,1.0,1.1574,High,Ambernath,Maharashtra,19.215784,73.199781
"Chinna Bharatham Colony, Srikakulam - APPCB",2026-09-06,1.2781,1.1118,1.3157,0.94,1.2433,High,Srikakulam,Andhra Pradesh,18.292191,83.897173
"Chitragupta Nagar, Siwan - BSPCB",2026-09-07,1.4703,1.8033,1.0757,0.95,1.431,High,Siwan,Bihar,26.2271665,84.3570427
"Christianpatty, Nagaon - PCBA",2026-09-07,1.2336,1.3939,1.2871,0.96,1.2854,High,Nagaon,Assam,26.349082,92.68449
"City Center, Gwalior - MPPCB",2026-09-07,1.375,1.0667,1.1674,1.0,1.2387,High,Gwalior,Madhya Pradesh,26.203442,78.193251
"City Railway Station, Bengaluru - KSPCB",2026-09-05,1.1874,1.0389,1.0222,0.72,1.1062,Medium,Bengaluru,Karnataka,12.9756843,77.5660749
"Civic Center, Bhilai - Bhilai Steel Plant",2026-09-07,0.6435,1.0,1.0,0.95,0.8022,High,Bhilai,Chhattisgarh,21.185571,81.343175
"Civil Line, Jalandhar - PPCB",2026-09-07,1.5908,1.5333,1.4261,1.0,1.5338,High,Jalandhar,Punjab,31.321907,75.578914
"Civil Lines,  Ajmer - RSPCB",2026-09-07,1.4022,1.3105,1.1651,0.98,1.3163,High,Ajmer,Rajasthan,26.470859,74.646594
"Civil Lines, Bareilly - UPPCB",2026-09-07,1.0232,1.0,1.075,0.98,1.03,High,Bareilly,Uttar Pradesh,28.359581,79.414455
"Civil Lines, Sagar - MPPCB",2026-09-07,0.9238,1.0,1.0813,0.99,0.9801,High,Sagar,Madhya Pradesh,23.838586,78.759431
"Collector Office, Yadgir - KSPCB",2026-09-07,0.7451,1.0,1.0776,0.95,0.8795,High,Yadgir,Karnataka,16.7602,77.1428
"Collectorate, Gaya - BSPCB",2026-09-07,1.8248,1.6128,1.9737,0.75,1.8044,Medium,Gaya,Bihar,24.7955,84.9994
"Collectorate, Jodhpur - RSPCB",2026-09-07,1.2563,1.1017,1.0997,0.99,1.1759,High,Jodhpur,Rajasthan,26.268249,73.0193853
"Commonwealth Sports Complex, Delhi - DPCC",2026-09-07,1.4851,1.6,1.3969,1.0,1.49,High,Delhi,Delhi,28.615828,77.271992
"Corporation Ground, Thrissur - Kerala PCB",2026-09-07,1.2232,1.0,1.0375,0.94,1.1162,High,Thrissur,Kerala,10.5324,76.2159
"D M Colony, Bihar Sharif - BSPCB",2026-09-07,1.9835,1.1291,2.0,0.72,1.7265,Medium,Bihar Sharif,Bihar,25.204762,85.51496
"DM Office_Kachari Chowk, Bhagalpur - BSPCB",2026-09-07,1.7181,1.7668,1.5146,0.95,1.6765,High,Bhagalpur,Bihar,25.251013,86.989001
"DM Office_Kasipur, Samastipur - BSPCB",2026-09-07,1.6856,1.6852,1.934,0.93,1.7445,High,Samastipur,Bihar,25.859655,85.77944
"DRM Office Danapur, Patna - BSPCB",2026-09-07,1.2411,1.0,1.075,1.0,1.1344,High,Patna,Bihar,25.586562,85.043586
"DTU, Delhi - CPCB",2026-09-07,1.4506,1.3667,1.4183,1.0,1.4211,High,Delhi,Delhi,28.7500499,77.1112615
"Dabuna, Nayagarh - OSPCB",2026-09-07,1.2481,1.2108,1.1321,0.82,1.2088,Medium,Nayagarh,Odisha,21.847279,85.416905
"Dada Peer, Sasaram - BSPCB",2026-09-07,1.5099,1.4607,1.7651,0.89,1.5571,High,Sasaram,Bihar,24.952822,84.002396
"Dadupura, Fatehpur Sikri - UPPCB",2026-09-07,1.0898,1.069,1.1114,0.98,1.0899,High,Fatehpur Sikri,Uttar Pradesh,27.097694,77.671335
"Dangi Tola, Rajgir - BSPCB",2026-09-07,1.076,1.0,1.0,0.71,1.0373,Medium,Rajgir,Bihar,25.0328,85.41948
"Darshan Nagar, Chhapra - BSPCB",2026-09-06,1.6723,1.9129,1.0,0.95,1.5208,High,Chhapra,Bihar,25.7808257,84.7446768
"Dasnagar, Howrah - WBPCB",2026-09-07,1.2893,1.3581,1.4612,0.96,1.3477,High,Howrah,West Bengal,22.6025571,88.3105664
"Deen Dayal Nagar, Gwalior - MPPCB",2026-09-07,1.1989,1.0333,1.2591,1.0,1.1694,High,Gwalior,Madhya Pradesh,26.259242,78.216432
"Deonar, Mumbai - IITM",2026-09-07,0.8363,1.0,1.1543,1.0,0.9479,High,Mumbai,Maharashtra,19.04946,72.923
"Deopur, Dhule - MPCB",2026-09-07,0.8654,1.0,1.1107,1.0,0.955,High,Dhule,Maharashtra,20.918946,74.776388
"Devaraj Urs Badavane, Davanagere - KSPCB",2026-09-03,0.8364,1.0,1.1651,0.79,0.9502,Medium,Davanagere,Karnataka,14.4758,75.9052
"Dhankawadi, Pune - IITM",2026-09-07,1.0037,1.0,1.0997,0.88,1.0259,High,Pune,Maharashtra,18.459883,73.852193
"Dhanmandi, Kota - RSPCB",2026-09-07,1.0775,1.0,1.1543,1.0,1.076,High,Kota,Rajasthan,25.16409,75.858137
"Dhoinda, Rajsamand - RSPCB",2026-09-07,1.2776,1.0678,1.1325,0.99,1.1853,High,Rajsamand,Rajasthan,25.03636,73.883502
"Digari Kalan, Jodhpur - RSPCB",2026-09-07,1.0722,1.1,1.1434,1.0,1.0966,High,Jodhpur,Rajasthan,26.29581,73.082283
"District Court, Eluru - APPCB",2026-09-07,1.3141,1.0,1.1307,0.97,1.1821,High,Eluru,Andhra Pradesh,16.711754,81.092095
"Divisional Forest Office, Rairangpur - OSPCB",2026-09-07,0.8487,1.0,1.1307,0.95,0.95,High,Rairangpur,Odisha,22.265816,86.174829
"Dnyaneshwar Nagar, Solapur - MPCB",2026-09-07,0.7889,1.0,1.0997,1.0,0.9096,High,Solapur,Maharashtra,17.6336264,75.9132495
"Doon University, Dehradun - UKPCB",2026-09-07,0.9771,1.0778,1.1651,0.92,1.0464,High,Dehradun,Uttarakhand,30.269444,78.044167
"Dr. Karni Singh Shooting Range, Delhi - DPCC",2026-09-07,1.352,1.3795,1.4261,0.98,1.3771,High,Delhi,Delhi,28.498571,77.26484
"Dwarka-Sector 8, Delhi - DPCC ",2026-09-07,1.3732,1.7333,1.5527,1.0,1.5009,High,Delhi,Delhi,28.5710274,77.0719006
"ECIL Kapra, Hyderabad - TSPCB",2026-09-07,1.138,1.0,1.1122,0.99,1.0955,High,Hyderabad,Telangana,17.470431,78.566959
"Eco Herbal Park, Moradabad - UPPCB",2026-09-07,1.1834,1.0678,1.3256,0.99,1.1866,High,Moradabad,Uttar Pradesh,28.840739,78.697531
"Employment Office, Moradabad - UPPCB",2026-09-07,1.3771,1.2034,1.244,0.99,1.2981,High,Moradabad,Uttar Pradesh,28.88528,78.7388
"Evelyn Lodge, Asansol - WBPCB",2026-09-07,0.9613,1.0,1.0,0.99,0.9805,High,Asansol,West Bengal,23.697936,86.944395
"F-Block, Sirsa - HSPCB",2026-09-07,1.2813,1.1017,1.1649,0.99,1.2048,High,Sirsa,Haryana,29.5364,75.0158
"FTI Kidwai Nagar, Kanpur - UPPCB",2026-09-07,1.4335,1.3667,1.3604,1.0,1.3981,High,Kanpur,Uttar Pradesh,26.428282,80.327067
"Ferro Chrome Colony, Byasanagar - OSPCB",2026-09-07,1.3397,1.2725,1.3621,0.92,1.3281,High,Byasanagar,Odisha,20.94185,86.1151
"Fertilizer Township, Rourkela - OSPCB",2026-09-07,1.1367,1.0,1.1122,0.83,1.0949,Medium,Rourkela,Odisha,22.18972222,84.86277778
"Forest Office, Barbil - OSPCB",2026-09-07,1.2342,1.207,1.4527,0.98,1.2784,High,Barbil,Odisha,22.1166054,85.3945546
"Forest Rest House, Manguraha - BSPCB",2026-09-07,1.5385,1.2725,1.3413,0.92,1.4177,High,Manguraha,Bihar,27.308328,84.531742
"Fort William, Kolkata - WBPCB",2026-09-07,1.1503,1.0351,1.3588,0.97,1.168,High,Kolkata,West Bengal,22.55664,88.342674
"GIDC, Ankleshwar - GPCB",2026-09-07,1.2442,1.0,1.0681,0.98,1.1339,High,Ankleshwar,Gujarat,21.613267,73.010555
"GIDC, Nandesari - Nandesari Ind. Association",2026-09-07,1.3999,1.138,1.3119,0.88,1.3078,High,Nandesari,Gujarat,22.410802,73.097923
"GIFT City, Gandhinagar - IITM",2026-09-07,1.2422,1.1333,1.1222,1.0,1.1836,High,Gandhinagar,Gujarat,23.163798,72.677768
"GM Office, Brajrajnagar - OSPCB",2026-09-07,1.1498,1.1017,1.1543,0.99,1.1387,High,Brajrajnagar,Odisha,21.8004996,83.8396977
"GVM Corporation, Visakhapatnam - APPCB",2026-09-07,1.5625,1.5622,1.2738,0.97,1.4846,High,Visakhapatnam,Andhra Pradesh,17.72,83.3
"Gandak Colony, Motihari - BSPCB",2026-09-07,1.1437,1.1633,1.1216,0.9,1.143,High,Motihari,Bihar,26.63086,84.90051
"Ganga Nagar, Meerut - UPPCB",2026-09-07,1.5304,1.2864,1.6357,0.96,1.49,High,Meerut,Uttar Pradesh,28.999264,77.7590354
"Gangapur Road, Nashik - MPCB",2026-09-07,0.8963,1.0333,1.1651,1.0,0.9917,High,Nashik,Maharashtra,20.0073285,73.7762427
"Gangineni Cheruvu, Chittoor - APPCB",2026-09-07,1.5426,1.7161,1.3799,0.96,1.5407,High,Chittoor,Andhra Pradesh,13.20488,79.097889
"Gavalinagar, Pimpri Chinchwad - MPCB",2026-09-07,0.9505,1.0,1.1114,0.99,1.001,High,Pimpri-Chinchwad,Maharashtra,18.63673,73.82487
"General Hospital, Mandikhera(Nuh) - HSPCB",2026-09-07,1.3853,1.2932,1.1243,0.89,1.2924,High,Mandikhera,Haryana,27.9002,76.9938
"Ghatkopar, Mumbai - BMC",2026-09-06,0.8612,1.0,1.1107,0.95,0.9527,High,Mumbai,Maharashtra,19.083694,72.920967
"Ghusuri, Howrah - WBPCB",2026-09-07,1.438,1.4333,1.298,1.0,1.4005,High,Howrah,West Bengal,22.611968,88.347422
"Girls College, Sivasagar - PCBA",2026-09-07,0.908,1.0,1.0965,0.96,0.9751,High,Sivasagar,Assam,26.987634,94.636574
"Gobind Pura, Yamuna Nagar - HSPCB",2026-09-07,1.6869,1.9154,1.5419,0.99,1.7026,High,Yamuna Nagar,Haryana,30.1480566,77.2893471
"Gokul Nagar, Bhiwandi - MPCB",2026-09-07,0.9542,1.0339,1.0739,0.99,1.0028,High,Bhiwandi,Maharashtra,19.309073,73.057223
"Golden Temple, Amritsar - PPCB",2026-09-07,1.5547,1.7798,1.6355,0.99,1.6286,High,Amritsar,Punjab,31.62,74.876512
"Gole Bazar, Katni - MPPCB",2026-09-07,1.1197,1.0,1.214,0.98,1.1107,High,Katni,Madhya Pradesh,23.50016,80.23284
"Gomti Nagar, Lucknow - UPPCB",2026-09-07,1.1839,1.1695,1.3621,0.99,1.2224,High,Lucknow,Uttar Pradesh,26.86812,81.005119
"Govindh Bhavan Colony, Jabalpur - JMC",2026-09-07,1.0447,1.0,1.0325,0.99,1.0303,High,Jabalpur,Madhya Pradesh,23.163174,79.973061
"Govindpuram, Ghaziabad - UPPCB",2026-09-07,1.1939,1.2108,1.2664,0.97,1.2159,High,Ghaziabad,Uttar Pradesh,28.694528,77.494705
"Govt. Girls Inter College, Kashipur - UKPCB",2026-09-07,1.0133,1.0,1.0,0.71,1.0066,Medium,Kashipur,Uttarakhand,29.2124114,78.9611753
"Govt. High School Shikarpur, Patna - BSPCB",2026-09-07,1.2336,1.0358,1.0666,0.96,1.1387,High,Patna,Bihar,25.592539,85.227158
"Govt. Higher Secondary School, Milupara - CECB",2026-09-07,0.9058,1.0,1.2309,0.87,1.0025,High,Milupara,Chhattisgarh,22.1910172,83.5197009
"Gulzarpet, Anantapur - APPCB",2026-09-07,1.4864,1.773,1.4129,0.97,1.5338,High,Anantapur,Andhra Pradesh,14.675886,77.593027
"Gupteshwar, Jabalpur - JMC",2026-08-24,1.2703,1.0,1.0836,0.81,1.1499,Medium,Jabalpur,Madhya Pradesh,23.142888,79.916147
"Gurdeo Nagar, Aurangabad - BSPCB",2026-09-04,1.4421,1.4082,1.2945,0.75,1.3954,Medium,Aurangabad,Bihar,24.75746,84.366208
"Gyaspur, Ahmedabad - IITM",2026-09-07,1.4296,1.5085,1.1251,0.99,1.3648,High,Ahmedabad,Gujarat,22.977134,72.553024
"H.B. Colony, Bhiwani - HSPCB",2026-09-07,1.5234,1.4568,1.1307,0.93,1.3983,High,Bhiwani,Haryana,28.806223,76.141105
"HB Colony, Vijayawada - APPCB",2026-09-07,1.3486,1.1461,1.2673,0.95,1.2749,High,Vijayawada,Andhra Pradesh,16.536107,80.594233
"HIMUDA Complex Phase-1, Baddi - HPPCB",2026-09-07,1.5004,1.6667,1.478,1.0,1.5346,High,Baddi,Himachal Pradesh,30.943887,76.801991
"Hadapsar, Pune - IITM",2026-09-07,1.2372,1.0,1.1122,0.84,1.1423,Medium,Pune,Maharashtra,18.501793,73.927532
"Hakimapada, Angul - OSPCB",2026-09-07,0.9906,1.0,1.3014,1.0,1.063,High,Angul,Odisha,20.832874,85.104082
"Hardev Nagar, Bathinda - PPCB",2026-09-07,1.3575,1.1725,1.2605,0.88,1.2847,High,Bathinda,Punjab,30.233011,74.907758
"Hathkhoj, Bhilai - CECB",2026-09-07,0.9766,1.0,1.2471,1.0,1.0443,High,Bhilai,Chhattisgarh,21.224231,81.40835
"Hebbal 1st Stage, Mysuru - KSPCB",2026-09-07,0.9598,1.0,1.1759,0.99,1.0202,High,Mysuru,Karnataka,12.21041,76.37376
"Hebbal, Bengaluru - KSPCB",2026-09-07,0.8056,1.0,1.1107,0.98,0.9214,High,Bengaluru,Karnataka,13.029152,77.585901
"Hirawadi, Nashik - MPCB",2026-09-07,0.8031,1.0,1.0813,0.95,0.9138,High,Nashik,Maharashtra,20.021503,73.813844
"Hombegowda Nagar, Bengaluru - KSPCB",2026-09-07,1.0284,1.0,1.0818,1.0,1.0342,High,Bengaluru,Karnataka,12.938539,77.5901
"Housing Board, Hanumangarh - RSPCB",2026-09-07,1.1262,1.0,1.1663,0.99,1.1028,High,Hanumangarh,Rajasthan,29.61075,74.283608
"Huda Sector, Fatehabad - HSPCB",2026-09-07,1.2804,1.2864,1.1112,0.96,1.2373,High,Fatehabad,Haryana,29.503664,75.467934
"ICRISAT Patancheru, Hyderabad - TSPCB",2026-09-07,0.8901,1.0,1.208,0.99,0.9891,High,Hyderabad,Telangana,17.5184,78.278777
"IDA Pashamylaram, Hyderabad - TSPCB",2026-09-07,1.0938,1.0,1.2186,0.95,1.0988,High,Hyderabad,Telangana,17.5316895,78.218939
"IESD Banaras Hindu University, Varanasi - UPPCB",2026-09-07,0.8177,1.0,1.2186,0.94,0.9501,High,Varanasi,Uttar Pradesh,25.262326,82.995408
"IGI Airport (T3), Delhi - IITM",2026-09-07,1.6372,1.3514,1.2323,0.87,1.4535,High,Delhi,Delhi,28.5627763,77.1180053
"IGNOU_Maidan Garhi, Delhi - DPCC",2026-09-07,0.8969,1.1,1.1974,1.0,1.0145,High,Delhi,Delhi,28.493624,77.201159
"IGSC Planetarium Complex, Patna - BSPCB",2026-09-04,1.4208,1.1291,1.9943,0.62,1.4602,Low,Patna,Bihar,25.610369,85.132568
"IHBAS, Dilshad Garden, Delhi - CPCB",2026-09-07,1.4557,1.3729,1.2505,0.99,1.3811,High,Delhi,Delhi,28.6811736,77.3025234
"IIPHG Lekawada, Gandhinagar - IITM",2026-09-07,1.0881,1.3667,1.2076,1.0,1.1823,High,Gandhinagar,Gujarat,23.243639,72.68994
"IIT Delhi, Delhi - IITM",2026-09-07,1.5615,1.6781,1.3241,0.89,1.5256,High,Delhi,Delhi,28.54246,77.191651
"IITG, Guwahati - PCBA",2026-09-07,0.6199,1.0,1.0,0.88,0.7874,High,Guwahati,Assam,26.2028636,91.70046436
"IITH Kandi, Hyderabad - TSPCB",2026-09-07,1.1697,1.0,1.075,0.95,1.1012,High,Hyderabad,Telangana,17.585705,78.126199
"IMD Lodhi Road, Delhi - IITM",2026-09-07,1.4935,1.339,1.4265,0.89,1.4367,High,Delhi,Delhi,28.5918245,77.2273074
"ITO, Delhi - CPCB",2026-09-07,1.5773,1.2921,1.1974,0.95,1.4007,High,Delhi,Delhi,28.628624,77.24106
"Ibrahimpur, Vijayapura - KSPCB",2026-09-07,0.9445,1.0,1.0,0.93,0.9719,High,Vijayapura,Karnataka,16.802639,75.722694
"Idgah Hills, Bhopal - MPPCB",2026-09-07,1.2065,1.2191,1.3314,0.95,1.2398,High,Bhopal,Madhya Pradesh,23.264759,77.381568
"Indira Colony Vistar, Pali - RSPCB",2026-09-07,1.9117,1.9487,1.4862,0.97,1.8037,High,Pali,Rajasthan,25.771061,73.340227
"Indirapuram, Ghaziabad - UPPCB",2026-09-07,1.4727,1.2415,1.3923,0.98,1.3915,High,Ghaziabad,Uttar Pradesh,28.646233,77.358075
"Indra Nagar, Jhunjhunu - RSPCB",2026-09-07,1.1038,1.0667,1.1651,1.0,1.1093,High,Jhunjhunu,Rajasthan,28.108988,75.386577
"Industrial Area, Hajipur - BSPCB",2026-09-07,1.1974,1.1333,1.4004,1.0,1.2282,High,Hajipur,Bihar,25.697189,85.2459
"JN Stadium, Shillong - Meghalaya PCB",2026-09-03,0.6931,1.0,1.0693,0.93,0.8466,High,Shillong,Meghalaya,25.5803419,91.8942571
"JNU, Delhi - DPCC",2026-09-07,1.312,1.3667,1.2569,1.0,1.3113,High,Delhi,Delhi,28.540721,77.168544
"Jadavpur, Kolkata - WBPCB",2026-09-07,1.2876,1.2034,1.3588,0.99,1.2832,High,Kolkata,West Bengal,22.49929,88.36917
"Jagamohanpur, Keonjhar - OSPCB",2026-09-07,1.0672,1.1118,1.1856,0.94,1.1069,High,Keonjhar,Odisha,21.6439,85.599355
"Jahangirpuri, Delhi - DPCC",2026-09-07,1.7866,1.7246,1.6403,0.98,1.7334,High,Delhi,Delhi,28.73282,77.170633
"Jai Bhim Nagar, Meerut - UPPCB",2026-09-07,1.308,1.2665,1.3668,0.93,1.3118,High,Meerut,Uttar Pradesh,28.9535882,77.7622941
"Jawahar Nagar, Puducherry - PPCC",2026-09-07,0.8791,1.0,1.107,0.97,0.9617,High,Puducherry,Puducherry,11.9309,79.8027
"Jawaharlal Nehru Stadium, Delhi - DPCC",2026-09-07,1.5751,1.712,1.4862,0.99,1.5851,High,Delhi,Delhi,28.58028,77.233829
"Jayanagar 5th Block, Bengaluru - KSPCB",2026-09-07,1.2209,1.2373,1.1244,0.99,1.2,High,Bengaluru,Karnataka,12.920984,77.584908
"Jhalamand, Jodhpur - RSPCB",2026-09-07,1.006,1.2333,1.1685,1.0,1.0989,High,Jodhpur,Rajasthan,26.215415,73.070156
"Jhunsi, Prayagraj - UPPCB",2026-09-07,1.0993,1.0678,1.3322,0.99,1.145,High,Prayagraj,Uttar Pradesh,25.425602,81.917152
"Jigani, Bengaluru - KSPCB",2026-09-07,1.2811,1.0408,1.075,0.9,1.1641,High,Bengaluru,Karnataka,12.7816279,77.6299145
"Jigar Colony, Moradabad - UPPCB",2026-09-07,1.2207,1.0,1.1717,1.0,1.1495,High,Moradabad,Uttar Pradesh,28.856664,78.772638
"KHB Colony, Karwar - KSPCB",2026-09-07,0.9069,1.0373,1.1109,0.94,0.9867,High,Karwar,Karnataka,14.816666,74.141003
"Kadri, Mangalore - KSPCB",2026-08-25,1.0901,1.0,1.3014,0.76,1.1151,Medium,Mangalore,Karnataka,12.88925,74.853
"Kalabhavan, Dharwad - KSPCB",2026-09-07,1.3548,1.0,1.0375,0.88,1.1747,High,Dharwad,Karnataka,15.459706,75.008381
"Kalal Majra, Khanna - PPCB",2026-09-07,1.5153,1.179,1.1307,0.96,1.3227,High,Khanna,Punjab,30.736056,76.209694
"Kalidaspur, Balasore - OSPCB",2026-09-07,0.9949,1.0,1.2674,1.0,1.0583,High,Balasore,Odisha,21.51161,86.89088
"Kalindi Kunj, Khurja - UPPCB",2026-09-07,1.1086,1.0,1.2913,1.0,1.1224,High,Khurja,Uttar Pradesh,28.2348927,77.8683002
"Kalu Nagar, Dombivli - MPCB",2026-09-07,0.6721,1.0,1.0416,0.99,0.8282,High,Dombivli,Maharashtra,19.2268427,73.0788456
"Kalyana Nagara, Chikkamagaluru - KSPCB",2026-09-07,0.9937,1.0,1.1867,0.93,1.0404,High,Chikkamagaluru,Karnataka,13.328028,75.797056
"Kamalnath Nagar, Bettiah - BSPCB",2026-09-07,0.9393,1.0,1.0,0.95,0.9692,High,Bettiah,Bihar,26.80365,84.51954
"Kamble Tarf Birwadi, Mahad - MPCB",2026-09-07,0.94,1.0,1.1107,1.0,0.9953,High,Mahad,Maharashtra,18.1023399,73.4783687
"Kandivali West, Mumbai - BMC",2026-09-07,0.7532,1.0,1.1107,0.97,0.8909,High,Mumbai,Maharashtra,19.215859,72.831718
"Kareemganj, Gaya - BSPCB",2026-09-07,1.859,1.5864,1.9706,0.89,1.813,High,Gaya,Bihar,24.792403,84.992416
"Kariavattom, Thiruvananthapuram - Kerala PCB",2026-09-07,1.1441,1.0,1.0974,0.97,1.0948,High,Thiruvananthapuram,Kerala,8.5637,76.8865
"Karni Colony, Nagaur - RSPCB",2026-09-07,1.0484,1.2034,1.1325,0.99,1.1063,High,Nagaur,Rajasthan,27.213494,73.734444
"Kasarvadavali, Thane - MPCB",2026-09-07,1.0517,1.0,1.0845,0.98,1.0466,High,Thane,Maharashtra,19.26777,72.97182
"Kashiram Nagar, Moradabad - UPPCB",2026-09-07,1.3917,1.3,1.4224,1.0,1.3757,High,Moradabad,Uttar Pradesh,28.849399,78.742362
"Kasturi Nagar, Bengaluru - KSPCB",2026-09-03,1.5287,1.1936,1.0375,0.78,1.3043,Medium,Bengaluru,Karnataka,13.003872,77.664217
"Katargam, Surat - Nexteng Enviro",2026-09-07,1.0598,1.0,1.1442,1.0,1.0647,High,Surat,Gujarat,21.217779,72.834787
"Katraj Dairy, Pune - MPCB",2026-09-07,0.8891,1.0,1.0887,0.91,0.9632,High,Pune,Maharashtra,18.45445,73.854155
"Katrap, Badlapur - MPCB",2026-09-07,0.7048,1.0,1.0739,0.99,0.8546,High,Badlapur,Maharashtra,19.16485,73.23409
"Kendriya Vidyalaya, Lucknow - CPCB",2026-09-07,1.1382,1.0333,1.2463,1.0,1.1365,High,Lucknow,Uttar Pradesh,26.906111,80.948222
"Khadakpada, Kalyan - MPCB",2026-09-07,1.8031,1.4188,1.9911,0.83,1.7408,Medium,Kalyan,Maharashtra,19.25292,73.142019
"Khaira, Boisar - MPCB",2026-09-05,1.0363,1.0,1.1398,0.98,1.0519,High,Boisar,Maharashtra,19.786089,72.757971
"Kharahiya Basti, Araria - BSPCB",2026-09-07,1.1864,1.069,1.2553,0.98,1.1723,High,Araria,Bihar,26.146529,87.454184
"Khatikan Mohalla, Dausa - RSPCB",2026-09-07,1.2939,1.3795,1.3077,0.98,1.3183,High,Dausa,Rajasthan,26.895552,76.334753
"Kherwadi_Bandra East, Mumbai - MPCB",2026-09-07,0.8529,1.0,1.0666,0.97,0.9386,High,Mumbai,Maharashtra,19.0632143,72.8456324
"Khindipada-Bhandup West, Mumbai - IITM",2026-09-07,0.7728,1.0,1.1216,0.97,0.9047,High,Mumbai,Maharashtra,19.1653323,72.922099
"Khrew, Pampore - JKPCC",2026-09-07,1.22,1.0373,1.2569,0.84,1.1803,Medium,Pampore,Jammu and Kashmir,34.031606,75.009712
"Khunmoh, Srinagar - JKPCC",2026-09-07,0.9565,1.0,1.1974,0.85,1.0231,High,Srinagar,Jammu and Kashmir,34.06313,74.96017
"Knowledge Park - III, Greater Noida - UPPCB",2026-09-07,1.4183,1.3581,1.5071,0.96,1.4244,High,Greater Noida,Uttar Pradesh,28.47272,77.482
"Knowledge Park - V, Greater Noida - UPPCB",2026-09-07,1.6317,1.9493,1.3788,0.99,1.6356,High,Greater Noida,Uttar Pradesh,28.557054,77.453663
"Kodungaiyur, Chennai - TNPCB",2026-09-07,1.1634,1.0,1.1023,0.98,1.1052,High,Chennai,Tamil Nadu,13.1278,80.2642
"Kokapet, Hyderabad - TSPCB",2026-09-07,1.115,1.0,1.075,0.94,1.0752,High,Hyderabad,Telangana,17.393559,78.339194
"Kompally Municipal Office, Hyderabad - TSPCB",2026-09-07,1.0974,1.0,1.0681,0.99,1.065,High,Hyderabad,Telangana,17.544899,78.486949
"Kopripada-Vashi, Navi Mumbai - MPCB",2026-09-07,0.8451,1.0,1.0997,1.0,0.9414,High,Navi Mumbai,Maharashtra,19.090337,73.014232
"Koyana Nagar, Satara - MPCB",2026-09-07,1.0663,1.0,1.1759,1.0,1.0753,High,Satara,Maharashtra,17.696651,74.003387
"Krishak Nagar, Raipur - CECB",2026-09-07,0.8083,1.0,1.1471,0.98,0.9305,High,Raipur,Chhattisgarh,21.237755,81.705301
"Krishna Nagar, Bharatpur - RSPCB",2026-09-07,0.9138,1.0345,1.1325,0.98,0.9945,High,Bharatpur,Rajasthan,27.215415,77.50873
"Kudikadu, Cuddalore - TNPCB",2026-09-07,0.9716,1.0,1.0739,0.83,1.0034,Medium,Cuddalore,Tamil Nadu,11.6829898,79.7532099
"Kukrail Picnic Spot-1, Lucknow - UPPCB",2026-09-07,1.113,1.0,1.1955,0.99,1.1032,High,Lucknow,Uttar Pradesh,26.90723,80.98579
"Kurla, Mumbai - MPCB",2026-09-07,1.2005,1.0,1.2216,0.9,1.1519,High,Mumbai,Maharashtra,19.0863,72.8888
"LGBI Airport, Guwahati - PCBA",2026-09-07,1.2567,1.1725,1.4395,0.98,1.2778,High,Guwahati,Assam,26.10887,91.589544
"Lal Bahadur Shastri Nagar, Kalaburagi - KSPCB",2026-08-21,1.254,1.0,1.2569,0.72,1.1857,Medium,Kalaburagi,Karnataka,17.321993,76.822628
"Lalbagh, Lucknow - CPCB",2026-09-07,1.2144,1.1356,1.3108,0.99,1.2172,High,Lucknow,Uttar Pradesh,26.8458805,80.9365541
"Lingaraj Nagar, Hubballi - KSPCB",2026-09-07,1.0881,1.0,1.0744,0.98,1.062,High,Hubballi,Karnataka,15.3714823,75.1160168
"Lingraj Mandir, Bhubaneswar - OSPCB",2026-09-07,1.2508,1.2811,1.4054,0.97,1.2955,High,Bhubaneswar,Odisha,20.24079,85.836784
"Lohiyanagar, Begusarai - BSPCB",2026-09-07,1.3118,1.3051,1.5754,0.99,1.3715,High,Begusarai,Bihar,25.42742023,86.13886079
"Loni, Ghaziabad - UPPCB",2026-09-07,1.5672,1.6442,1.7759,0.99,1.6365,High,Ghaziabad,Uttar Pradesh,28.757294,77.278792
"Lumpyngngad, Shillong - Meghalaya PCB",2026-09-07,0.3122,1.0,1.0,0.5,0.5588,Low,Shillong,Meghalaya,25.5586,91.8985
"MD University, Rohtak - HSPCB",2026-09-07,1.3798,1.4,1.5497,1.0,1.4256,High,Rohtak,Haryana,28.52123,76.37138
"MIDC Ambad, Nashik - MPCB",2026-09-07,0.8645,1.0,1.1325,0.97,0.9592,High,Nashik,Maharashtra,19.95022,73.73148
"MIDC Chilkalthana, Aurangabad - MPCB",2026-09-07,0.9654,1.0,1.037,0.95,0.9915,High,Aurangabad,Maharashtra,19.87562,75.38731
"MIDC Khutala, Chandrapur - MPCB",2026-09-07,1.1498,1.0381,1.2186,0.93,1.1372,High,Chandrapur,Maharashtra,19.9775302,79.2337086
"MIET College, Meerut - UPPCB",2026-09-07,1.5222,1.506,1.9295,0.92,1.6109,High,Meerut,Uttar Pradesh,28.972677,77.641018
"MIT-Daudpur Kothi, Muzaffarpur - BSPCB",2026-09-07,0.9761,1.0,1.1697,1.0,1.0275,High,Muzaffarpur,Bihar,26.1403345,85.3650192
"MM Ground, Bikaner - RSPCB",2026-09-07,1.073,1.179,1.2597,0.96,1.1435,High,Bikaner,Rajasthan,28.018792,73.292658
"Madan Mohan Malaviya University of Technology, Gorakhpur - UPPCB",2026-09-07,1.8022,1.7316,1.7948,0.88,1.7825,High,Gorakhpur,Uttar Pradesh,26.730136,83.433859
"Maguda Nagar, Indore - IMC",2026-09-07,0.9065,1.0345,1.0831,0.98,0.9796,High,Indore,Madhya Pradesh,22.7524,75.8872
"Mahabir Colliery, Asansol - WBPCB",2026-09-07,0.9747,1.0333,1.2941,1.0,1.0617,High,Asansol,West Bengal,23.618183,87.105718
"Mahal, Nagpur - MPCB",2026-09-07,1.094,1.0,1.2216,0.97,1.0996,High,Nagpur,Maharashtra,21.14472,79.107595
"Mahape, Navi Mumbai - MPCB",2026-09-07,1.0237,1.0,1.1107,0.96,1.0387,High,Navi Mumbai,Maharashtra,19.1135051,73.008978
"Maharaj Bada, Gwalior - MPPCB",2026-09-07,1.399,1.3,1.635,1.0,1.4281,High,Gwalior,Madhya Pradesh,26.200388,78.147714
"Mahashweta Nagar, Ujjain - MPPCB",2026-09-07,1.2864,1.1356,1.2569,0.99,1.2397,High,Ujjain,Madhya Pradesh,23.1633321,75.800225
"Mahatma Basaveswar Colony, Kalaburgi - KSPCB",2026-09-07,0.8571,1.0,1.1107,0.99,0.9504,High,Kalaburagi,Karnataka,17.336318,76.847397
"Mahesh Nagar, Malegaon - MPCB",2026-09-07,1.2012,1.069,1.1419,0.98,1.152,High,Malegaon,Maharashtra,20.555712,74.529236
"Mahishkapur Road_B-Zone, Durgapur - WBPCB",2026-09-07,0.9271,1.0345,1.2605,0.98,1.0289,High,Durgapur,West Bengal,23.567923,87.306843
"Major Dhyan Chand National Stadium, Delhi - DPCC",2026-09-07,1.3063,1.2667,1.1876,1.0,1.2658,High,Delhi,Delhi,28.611281,77.237738
"Malad West, Mumbai - IITM",2026-09-07,0.7078,1.0,1.0666,0.99,0.855,High,Mumbai,Maharashtra,19.19709,72.82204
"Maldahiya, Varanasi - UPPCB",2026-09-07,0.9511,1.0,1.1759,0.99,1.0156,High,Varanasi,Uttar Pradesh,25.32393,82.99687
"Manali Village, Chennai - TNPCB",2026-09-07,1.2604,1.6333,1.1856,1.0,1.3244,High,Chennai,Tamil Nadu,13.1662,80.2584
"Manali, Chennai - CPCB",2026-09-07,1.0764,1.0373,1.2186,0.94,1.1001,High,Chennai,Tamil Nadu,13.164544,80.26285
"Mandir Marg, Delhi - DPCC",2026-09-07,1.4015,1.4068,1.3115,0.99,1.3798,High,Delhi,Delhi,28.636429,77.201067
"Mandor, Jodhpur - RSPCB",2026-09-07,1.0608,1.1333,1.1543,1.0,1.1015,High,Jodhpur,Rajasthan,26.358805,73.047444
"Mangala, Bilaspur - NTPC",2026-09-07,1.2285,1.0345,1.2866,0.88,1.1905,High,Bilaspur,Chhattisgarh,22.08815,82.13737
"Maninagar, Ahmedabad - GPCB",2026-09-07,1.7721,1.8281,1.6239,0.98,1.7473,High,Ahmedabad,Gujarat,23.002657,72.591912
"Manoharpur, Agra - UPPCB",2026-09-07,1.873,1.9487,1.5933,0.97,1.8167,High,Agra,Uttar Pradesh,27.23711,78.01936
"Mansarovar Sector-12, Jaipur - RSPCB",2026-09-07,1.1918,1.1035,1.1325,0.98,1.1543,High,Jaipur,Rajasthan,26.843698,75.766894
"Marhatal, Jabalpur - MPPCB",2026-09-07,1.0736,1.0667,1.1107,1.0,1.081,High,Jabalpur,Madhya Pradesh,23.168606,79.932247
"Mariam Nagar, Purnia - BSPCB",2026-09-07,1.0022,1.0,1.0375,0.97,1.0103,High,Purnia,Bihar,25.366336,87.117468
"Masoom Colony, Parbhani - MPCB",2026-09-07,0.815,1.0,1.1831,0.98,0.9415,High,Parbhani,Maharashtra,19.265594,76.761463
"Mavdi, Rajkot - Nexteng Enviro ",2026-09-07,1.0629,1.0667,1.1401,1.0,1.0826,High,Rajkot,Gujarat,22.248853,70.776774
"Mayaganj, Bhagalpur - BSPCB",2026-09-07,1.6367,1.5112,1.6357,0.95,1.6041,High,Bhagalpur,Bihar,25.265194,87.012947
"Mazgaon, Mumbai - IITM",2026-09-07,0.964,1.0,1.0666,0.97,0.9978,High,Mumbai,Maharashtra,18.96702,72.84214
"Meelavittan, Thoothukudi - TNPCB",2026-09-07,0.8552,1.0,1.0222,0.88,0.9298,High,Thoothukudi,Tamil Nadu,8.816428,78.099039
"Meher Colony, Baripada - OSPCB",2026-09-07,1.0849,1.0,1.1955,0.96,1.0892,High,Baripada,Odisha,21.941841,86.728318
"Mhada Colony, Pune - IITM",2026-09-07,1.2677,1.0,1.1216,0.87,1.1587,High,Pune,Maharashtra,18.57304,73.927715
"Mindspace-Malad West, Mumbai - MPCB",2026-09-07,0.804,1.0,1.0666,0.93,0.9112,High,Mumbai,Maharashtra,19.1878657,72.8304069
"Mini Secretariat, Charkhi Dadri - HSPCB",2026-09-07,1.9027,1.7798,1.8546,0.99,1.8593,High,Charkhi Dadri,Haryana,28.593883,76.270653
"Mirchaibari, Katihar - BSPCB",2026-09-07,0.9664,1.0,1.1038,0.92,1.0076,High,Katihar,Bihar,25.560083,87.553265
"Model Town, Patiala - PPCB",2026-09-07,1.0291,1.0,1.1759,1.0,1.0564,High,Patiala,Punjab,30.349388,76.366642
"More Chowk Waluj, Aurangabad - MPCB",2026-09-07,1.2792,1.0745,1.0375,0.94,1.1622,High,Aurangabad,Maharashtra,19.8389439,75.244448
"Moti Doongri, Alwar - RSPCB",2026-09-07,1.8099,1.9667,1.3946,1.0,1.7313,High,Alwar,Rajasthan,27.554793,76.611536
"Motilal Nehru NIT, Prayagraj - UPPCB",2026-09-07,0.8062,1.0339,1.1107,0.99,0.9295,High,Prayagraj,Uttar Pradesh,25.494,81.863
"Mudtra Sili, Jalore - RSPCB",2026-09-07,1.0885,1.0345,1.1325,0.98,1.0855,High,Jalore,Rajasthan,25.344694,72.626208
"Mulund West, Mumbai - MPCB",2026-09-07,0.9784,1.0,1.0739,0.75,1.0069,Medium,Mumbai,Maharashtra,19.175,72.9419
"Mundka, Delhi - DPCC",2026-09-07,1.502,1.7459,1.4411,0.99,1.5435,High,Delhi,Delhi,28.684678,77.076574
"Municipal Corporation Office, Dharuhera -  HSPCB",2026-09-07,1.5981,1.712,1.54,0.99,1.6109,High,Dharuhera,Haryana,28.2068,76.7997
"Muradpur, Patna - BSPCB",2026-09-05,1.1642,1.0345,1.0222,0.98,1.0942,High,Patna,Bihar,25.619651,85.147382
"Murthal, Sonipat - HSPCB",2026-09-07,1.2326,1.3162,1.0375,0.97,1.2002,High,Sonipat,Haryana,29.0272,77.0621
"NISE Gwal Pahari, Gurugram - IITM",2026-09-07,1.4691,1.4333,1.2485,0.9,1.4019,High,Gurugram,Haryana,28.422681,77.148944
"NSI Kalyanpur, Kanpur - UPPCB",2026-09-07,1.3053,1.1667,1.195,1.0,1.2415,High,Kanpur,Uttar Pradesh,26.509954,80.249612
"NSIT Dwarka, Delhi - CPCB",2026-09-07,1.2362,1.138,1.2168,0.98,1.2061,High,Delhi,Delhi,28.60909,77.0325413
"NSUT Jaffarpur, Delhi - DPCC",2026-09-07,1.3488,1.246,1.2411,0.97,1.2951,High,Delhi,Delhi,28.594004,76.909423
"Nacharam_TSIIC IALA, Hyderabad - TSPCB",2026-09-07,1.1932,1.0,1.1114,0.95,1.1216,High,Hyderabad,Telangana,17.429398,78.569354
"Nagar Nigam, Prayagraj - UPPCB",2026-09-07,0.8191,1.0678,1.5387,0.99,1.0247,High,Prayagraj,Uttar Pradesh,25.44919916,81.82735986
"Nagar Palika Parishad, Baraut - UPPCB",2026-09-03,2.1466,1.7316,1.6113,0.88,1.8936,High,Baraut,Uttar Pradesh,29.09956,77.26235
"Nagla Bhau, Firozabad - UPPCB",2026-09-07,1.068,1.0,1.1122,0.91,1.0613,High,Firozabad,Uttar Pradesh,27.168897,78.37696
"Naharlagun, Naharlagun - APSPCB",2026-09-07,0.9241,1.0,1.2186,1.0,1.01,High,Naharlagun,Arunachal Pradesh,27.103358,93.679645
"Najafgarh, Delhi - DPCC",2026-09-07,1.2286,1.1667,1.2397,1.0,1.2156,High,Delhi,Delhi,28.570173,76.933762
"Narela, Delhi - DPCC",2026-09-07,1.4129,1.3795,1.4327,0.98,1.4094,High,Delhi,Delhi,28.822836,77.101981
"Nathu Colony, Ballabgarh - HSPCB",2026-09-07,1.395,1.3865,1.3135,0.97,1.3721,High,Ballabgarh,Haryana,28.3419248,77.319699
"Navy Nagar-Colaba, Mumbai - IITM",2026-09-07,1.0723,1.0,1.1325,0.91,1.0683,High,Mumbai,Maharashtra,18.897756,72.81332
"Nawapara SECL Colony, Chhal - CECB",2026-09-07,1.0963,1.1491,1.1769,0.94,1.1291,High,Chhal,Chhattisgarh,22.118125,83.140608
"Nayapura, Kota - RSPCB",2026-09-07,1.299,1.1,1.1543,1.0,1.2099,High,Kota,Rajasthan,25.196024,75.855668
"Nehru Nagar, Delhi - DPCC",2026-09-07,1.6078,1.7667,1.6173,1.0,1.6486,High,Delhi,Delhi,28.56789,77.250515
"Nehru Nagar, Kanpur - UPPCB",2026-09-07,1.2588,1.1757,1.2708,0.97,1.2404,High,Kanpur,Uttar Pradesh,26.4703136,80.3229863
"Nerul, Navi Mumbai - MPCB",2026-09-03,0.945,1.0,1.1107,0.76,0.9979,Medium,Navi Mumbai,Maharashtra,19.008751,73.01662
"New Anaj Mandi, Khairthal - RSPCB",2026-09-07,1.6694,1.5934,1.9578,0.86,1.7171,High,Khairthal,Rajasthan,27.8015617,76.6365217
"New Colony, Bundi - RSPCB",2026-09-07,1.1155,1.0,1.1543,0.98,1.0948,High,Bundi,Rajasthan,25.435774,75.644272
"New DM Office, Arrah - BSPCB",2026-09-07,1.0037,1.0,1.0563,0.9,1.0156,High,Arrah,Bihar,25.5626095,84.663264
"New Industrial Town, Faridabad - HSPCB",2026-09-07,1.4947,1.7667,1.2687,1.0,1.4959,High,Faridabad,Haryana,28.39072,77.30059
"New Malakpet, Hyderabad - TSPCB",2026-09-07,1.1156,1.0,1.1122,0.99,1.0847,High,Hyderabad,Telangana,17.37206,78.50864
"New Mandi, Muzaffarnagar - UPPCB",2026-09-07,1.4794,1.4667,1.7041,1.0,1.5293,High,Muzaffarnagar,Uttar Pradesh,29.4723508,77.7194031
"New Tehsil, Shamli - UPPCB",2026-09-07,1.2747,1.2335,1.6128,0.92,1.3409,High,Shamli,Uttar Pradesh,29.4603683,77.3410291
"North Campus, DU, Delhi - IITM",2026-09-07,1.9696,1.8971,1.5398,0.88,1.8347,High,Delhi,Delhi,28.6573814,77.1585447
"OP Jindal Industrial Park, Tumidih - CECB",2026-09-07,1.0413,1.0,1.222,0.93,1.0729,High,Tumidih,Chhattisgarh,22.06631475,83.33820077
"OP Jindal School, Kunjemura - CECB",2026-09-07,0.7335,1.0345,1.3799,0.98,0.9362,High,Kunjemura,Chhattisgarh,22.12665,83.483212
"Okhla Phase-2, Delhi - DPCC",2026-09-07,1.4353,1.5,1.3157,1.0,1.42,High,Delhi,Delhi,28.530785,77.271255
"Old City, Sri Ganganagar - RSPCB",2026-09-07,1.3309,1.7459,1.1977,0.99,1.3873,High,Sri Ganganagar,Rajasthan,29.931624,73.864511
"Old MIDC, Jalna - MPCB",2026-09-06,1.1857,1.0408,1.2411,0.9,1.1609,High,Jalna,Maharashtra,19.854616,75.905894
"Omex Eternity, Vrindavan - UPPCB",2026-09-07,1.3114,1.138,1.2036,0.98,1.2389,High,Vrindavan,Uttar Pradesh,27.571409,77.655757
"Opp GPO Civil Lines, Nagpur - MPCB",2026-09-07,0.9877,1.0,1.2186,0.97,1.0442,High,Nagpur,Maharashtra,21.152875,79.0517531
"PCBL Residential Complex, Durgapur - WBPCB",2026-09-07,1.1061,1.2191,1.1549,0.95,1.1456,High,Durgapur,West Bengal,23.508764,87.35444
"PWD Junction, Kohima - NPCB",2026-09-07,0.6863,1.0,1.0974,1.0,0.8479,High,Kohima,Nagaland,25.6635413,94.0989878
"Padmapukur, Howrah - WBPCB",2026-09-07,1.089,1.0373,1.1651,0.94,1.0942,High,Howrah,West Bengal,22.5687319,88.2797276
"Pali Dungra, Mathura - UPPCB",2026-09-07,1.1054,1.1695,1.1856,0.99,1.1409,High,Mathura,Uttar Pradesh,27.410954,77.550619
"Pallavpuram Phase 2, Meerut - UPPCB",2026-09-07,1.709,1.6556,1.6075,0.98,1.6697,High,Meerut,Uttar Pradesh,29.06351,77.709723
"Pan Bazaar, Guwahati - PCBA",2026-09-07,0.6686,1.0,1.0,0.74,0.8177,Medium,Guwahati,Assam,26.1875,91.744194
"Panchal Nagar, Gadag - KSPCB",2026-09-07,1.5694,1.6556,1.1506,0.98,1.4717,High,Gadag,Karnataka,15.411456,75.638133
"Panchawati_Pashan, Pune - IITM",2026-09-07,1.0402,1.0,1.1216,0.9,1.0496,High,Pune,Maharashtra,18.536457,73.805454
"Pandav Nagari, Nashik - MPCB",2026-09-07,0.7158,1.0,1.1107,1.0,0.8686,High,Nashik,Maharashtra,19.9591346,73.7788008
"Park Street Wakad, Pimpri Chinchwad - MPCB",2026-09-07,0.9161,1.0,1.1471,0.97,0.9905,High,Pimpri-Chinchwad,Maharashtra,18.59051,73.77946
"Paryavaran Parisar, Bhopal - MPPCB",2026-09-07,1.0932,1.0,1.1543,0.98,1.0837,High,Bhopal,Madhya Pradesh,23.210494,77.425409
"Patia, Bhubaneswar - OSPCB",2026-09-07,0.9393,1.0,1.1764,0.99,1.0094,High,Bhubaneswar,Odisha,20.34652,85.8163
"Patparganj, Delhi - DPCC",2026-09-07,1.3095,1.4297,1.2257,0.96,1.3166,High,Delhi,Delhi,28.623763,77.287209
"Patti Mehar, Ambala - HSPCB",2026-09-07,1.5499,1.7798,1.2597,0.99,1.5234,High,Ambala,Haryana,30.379589,76.778328
"Peenya, Bengaluru - CPCB",2026-09-07,0.9456,1.2415,1.5991,0.98,1.1543,High,Bengaluru,Karnataka,13.0270199,77.494094
"Perungudi, Chennai - TNPCB",2026-09-07,1.1485,1.4667,1.5251,1.0,1.3106,High,Chennai,Tamil Nadu,12.9533,80.2357
"Phase-1 GIDC, Vapi - GPCB",2026-09-07,0.9915,1.0,1.1231,0.98,1.0251,High,Vapi,Gujarat,20.362421,72.918013
"Phase-4 GIDC, Vatva - GPCB",2026-09-07,1.8816,1.9667,1.776,1.0,1.8752,High,Vatva,Gujarat,22.969611,72.6435
"Pimpleshwar Mandir, Kalyan - MPCB",2026-09-07,1.1405,1.0,1.1491,0.99,1.1057,High,Kalyan,Maharashtra,19.192056,72.9585188
"Plammoodu, Thiruvananthapuram - Kerala PCB",2026-09-07,0.7935,1.0333,1.1107,1.0,0.922,High,Thiruvananthapuram,Kerala,8.5149093,76.9435879
"Police Commissionerate, Jaipur - RSPCB",2026-09-07,1.5576,1.414,1.2569,0.98,1.441,High,Jaipur,Rajasthan,26.9164092,75.7994901
"Police Line, Saharsa - BSPCB",2026-09-07,1.0718,1.1432,1.4409,0.96,1.1728,High,Saharsa,Bihar,25.892357,86.590325
"Police Lines, Jind - HSPCB",2026-09-07,1.5506,1.6103,1.3927,0.99,1.5238,High,Jind,Haryana,29.307814,76.337619
"Powai, Mumbai - MPCB",2026-09-07,0.9082,1.0,1.0739,0.7,0.9701,Medium,Mumbai,Maharashtra,19.1375,72.915056
"Prabhat Colony, Jalgaon - MPCB",2026-09-07,0.9486,1.0,1.1843,1.0,1.016,High,Jalgaon,Maharashtra,21.001264,75.565602
"Pragati Nagar, Pratapgarh - RSPCB",2026-09-07,1.2,1.0333,1.1867,1.0,1.1527,High,Pratapgarh,Rajasthan,24.041198,74.780702
"Prashant Garden, Khora - UPPCB",2026-09-07,1.8119,1.8944,1.5419,0.94,1.7598,High,Khora,Uttar Pradesh,28.61119,77.34206
"Pratap Nagar, Bhilwara - RSPCB",2026-09-07,1.4109,1.345,1.2036,0.98,1.3398,High,Bhilwara,Rajasthan,25.339605,74.618883
"Priyambada Housing Estate, Haldia - WBPCB",2026-09-07,1.037,1.0339,1.2216,0.99,1.0795,High,Haldia,West Bengal,22.06047,88.109737
"Punjab Agricultural University, Ludhiana - PPCB",2026-08-24,1.7213,1.5756,1.7129,0.87,1.6816,High,Ludhiana,Punjab,30.9028,75.8086
"Punjabi Bagh, Delhi - DPCC",2026-09-07,1.6258,1.7246,1.492,0.98,1.6149,High,Delhi,Delhi,28.674045,77.131023
"Pusa, Delhi - DPCC",2026-09-07,1.3948,1.6333,1.2802,1.0,1.4202,High,Delhi,Delhi,28.639652,77.146275
"Pusa, Delhi - IITM",2026-09-07,1.5799,1.2108,1.2569,0.87,1.3961,High,Delhi,Delhi,28.63611,77.173332
"R K Puram, Delhi - DPCC",2026-09-07,1.7664,1.7826,1.5933,0.94,1.7254,High,Delhi,Delhi,28.563262,77.186937
"RIICO Ind. Area III, Bhiwadi - RSPCB",2026-09-07,1.8039,1.9,1.8296,1.0,1.8339,High,Bhiwadi,Rajasthan,28.194909,76.862296
"RIICO Sitapura, Jaipur - RSPCB",2026-09-07,1.5181,1.4485,1.2917,0.98,1.441,High,Jaipur,Rajasthan,26.786682,75.827928
"RIMT University, Mandi Gobindgarh - PPCB",2026-09-07,1.8022,1.773,1.6075,0.97,1.7443,High,Mandi Gobindgarh,Punjab,30.649961,76.331442
"Rabindra Bharati University, Kolkata - WBPCB",2026-09-07,1.2352,1.2667,1.3687,1.0,1.2753,High,Kolkata,West Bengal,22.627847,88.380669
"Rabindra Sarobar, Kolkata - WBPCB",2026-09-07,0.9214,1.0,1.1759,1.0,0.9996,High,Kolkata,West Bengal,22.51106,88.35142
"Rachnakar Colony, Aurangabad - MPCB",2026-09-07,1.1094,1.0333,1.1491,1.0,1.0995,High,Aurangabad,Maharashtra,19.863756,75.321188
"Radhakishan Pura, Sikar - RSPCB",2026-09-07,1.3772,1.5333,1.1602,1.0,1.3553,High,Sikar,Rajasthan,27.608912,75.153302
"Raghunathpali, Rourkela - OSPCB",2026-09-07,0.9874,1.1725,1.2879,0.98,1.1015,High,Rourkela,Odisha,22.220833,84.809444
"Raikhad, Ahmedabad - IITM",2026-09-07,1.108,1.0333,1.2303,1.0,1.1177,High,Ahmedabad,Gujarat,23.020509,72.579261
"Railway Colony, Barmer - RSPCB",2026-09-07,1.0044,1.0339,1.1107,0.99,1.0374,High,Barmer,Rajasthan,25.747299,71.393989
"Railway Colony, Guwahati - PCBA",2026-09-07,0.9992,1.0,1.3256,0.98,1.0726,High,Guwahati,Assam,26.181742,91.78063
"Raja Ganj, Dholpur - RSPCB",2026-09-07,0.9562,1.0381,1.0928,0.93,1.0092,High,Dholpur,Rajasthan,26.699557,77.898881
"Rajanpur, Gajraula - UPPCB",2026-09-07,1.2828,1.3051,1.7206,0.99,1.3865,High,Gajraula,Uttar Pradesh,28.829109,78.248796
"Rajbagh, Srinagar - JKPCC",2026-09-07,0.8993,1.0,1.0739,0.97,0.9654,High,Srinagar,Jammu and Kashmir,34.066206,74.81982
"Rajbansi Nagar, Patna - BSPCB",2026-09-07,1.1079,1.0,1.1674,0.88,1.0941,High,Patna,Bihar,25.599486,85.113666
"Rajendra Nagar North, Guntur - APPCB",2026-09-07,1.3972,1.0667,1.1122,1.0,1.2336,High,Guntur,Andhra Pradesh,16.316553,80.413302
"Rajendra Nagar, Bareilly - UPPCB",2026-09-06,1.2132,1.0745,1.1599,0.94,1.1638,High,Bareilly,Uttar Pradesh,28.38910936,79.42963708
"Rajiv Gandhi Park, Vijayawada - APPCB",2026-09-07,1.4461,1.246,1.1856,0.97,1.3257,High,Vijayawada,Andhra Pradesh,16.509717,80.612222
"Rajiv Nagar, Vijayawada - APPCB",2026-09-07,1.3954,1.2811,1.2332,0.97,1.3243,High,Vijayawada,Andhra Pradesh,16.554731,80.64911
"Rajlaxmi Nagar, Jhalawar - RSPCB",2026-09-07,1.2553,1.0339,1.2483,0.99,1.1942,High,Jhalawar,Rajasthan,24.588397,76.172782
"Rakhial, Ahmedabad - IITM",2026-09-07,1.4466,1.3729,1.3311,0.99,1.3984,High,Ahmedabad,Gujarat,23.016834,72.625775
"Ram Nagar, Nagpur - MPCB",2026-09-07,1.1356,1.0667,1.2829,1.0,1.1526,High,Nagpur,Maharashtra,21.143383,79.048912
"Rama Rao Peta, Kakinada - APPCB",2026-09-07,1.1783,1.0,1.1052,0.9,1.113,High,Kakinada,Andhra Pradesh,16.962488,82.229513
"Ramachandrapuram, Hyderabad - TSPCB",2026-09-07,1.1538,1.0,1.1464,1.0,1.1115,High,Hyderabad,Telangana,17.528544,78.286195
"Ramdaspeth, Akola - MPCB",2026-09-07,1.0333,1.0,1.1122,0.99,1.0439,High,Akola,Maharashtra,20.719516,77.000253
"Rampur, Korba - CECB",2026-09-07,0.7387,1.0,1.0877,0.93,0.8778,High,Korba,Chhattisgarh,22.368195,82.746431
"Ramteerth Nagar, Belgaum - KSPCB",2026-09-01,0.835,1.0,1.214,0.84,0.9592,Medium,Belgaum,Karnataka,15.888653,74.541751
"Ratandeep Housing Society, Solapur - MPCB",2026-09-07,1.0543,1.0,1.1674,1.0,1.0673,High,Solapur,Maharashtra,17.65439,75.90649
"Ratanpura, Rupnagar - Ambuja Cements",2026-09-07,1.1292,1.0,1.097,0.83,1.0875,Medium,Rupnagar,Punjab,31.0325454,76.5623046
"Rati Talai, Banswara - RSPCB",2026-09-07,1.1344,1.0,1.0666,0.99,1.0824,High,Banswara,Rajasthan,23.55519,74.44001
"Regional Park, Indore - IMC",2026-09-07,0.8628,1.0,1.0,0.98,0.9289,High,Indore,Madhya Pradesh,22.678,75.8559
"Residency Area, Indore - IMC",2026-09-07,1.0742,1.0,1.2407,0.9,1.0938,High,Indore,Madhya Pradesh,22.7084,75.8815
"Revenue Colony-Shivajinagar, Pune - IITM",2026-09-07,1.0798,1.0,1.0887,0.95,1.0615,High,Pune,Maharashtra,18.530085,73.849598
"Rishi Nagar, Kaithal - HSPCB",2026-09-07,1.6187,1.7027,1.4375,0.97,1.5914,High,Kaithal,Haryana,29.8006,76.4155
"Rohini, Delhi - DPCC",2026-09-07,1.6633,2.0,1.7213,1.0,1.7567,High,Delhi,Delhi,28.732528,77.11992
"Rohta, Agra - UPPCB",2026-09-07,1.1174,1.0,1.2019,0.99,1.1068,High,Agra,Uttar Pradesh,27.106972,78.000111
"Royapuram, Chennai - TNPCB",2026-09-07,1.2229,1.0333,1.0375,1.0,1.1253,High,Chennai,Tamil Nadu,13.1036,80.2909
"SAC ISRO Bopal, Ahmedabad - IITM",2026-09-07,1.2579,1.0886,1.2917,0.87,1.2213,High,Ahmedabad,Gujarat,23.041137,72.456691
"SAC ISRO Satellite, Ahmedabad - IITM",2026-09-07,1.2993,1.2667,1.391,1.0,1.3133,High,Ahmedabad,Gujarat,23.023389,72.515201
"SDM Office_Khagra, Kishanganj - BSPCB",2026-09-07,1.2037,1.0365,1.1122,0.95,1.1368,High,Kishanganj,Bihar,26.0881305,87.93840336
"SFTI Kusdihra, Gaya - BSPCB",2026-09-07,0.9908,1.0,1.1353,1.0,1.0275,High,Gaya,Bihar,24.762518,84.982348
"SIDCO Kurichi, Coimbatore - TNPCB",2026-09-07,0.6996,1.0,1.0,0.83,0.8364,Medium,Coimbatore,Tamil Nadu,10.942451,76.978996
"SRM University, Modinagar - UPPCB",2026-09-07,1.4371,1.4949,1.2945,0.93,1.4139,High,Modinagar,Uttar Pradesh,28.798171,77.540243
"SVPI Airport Hansol, Ahmedabad - IITM",2026-09-07,1.1778,1.2811,1.2397,0.97,1.2183,High,Ahmedabad,Gujarat,23.076793,72.627874
"SVSPA Campus, Barrackpore - WBPCB",2026-09-07,1.0838,1.0678,1.1831,0.99,1.1037,High,Barrackpore,West Bengal,22.7605581,88.3617589
"Sadanand Nagar, Mehsana - Nexteng Enviro",2026-09-07,1.1456,1.1,1.1543,1.0,1.1362,High,Mehsana,Gujarat,23.59315,72.372792
"Sadar Bazar, Jaisalmer - RSPCB",2026-09-07,1.1985,1.4,1.2154,1.0,1.2503,High,Jaisalmer,Rajasthan,26.912329,70.909168
"Sahilara, Maihar - KJS Cements",2026-09-07,1.0491,1.0,1.075,0.79,1.0429,Medium,Maihar,Madhya Pradesh,24.2613009,80.7231783
"Sahu Nagar, Sawai Madhopur - RSPCB",2026-09-07,1.2104,1.0678,1.1325,0.99,1.1537,High,Sawai Madhopur,Rajasthan,26.031443,76.359327
"Samanpura, Patna - BSPCB",2026-09-07,1.7553,1.8235,1.8784,0.96,1.8024,High,Patna,Bihar,25.596727,85.085624
"Samrat Ashok Udhyan, Jodhpur - RSPCB",2026-09-07,1.0059,1.0333,1.1107,1.0,1.0381,High,Jodhpur,Rajasthan,26.253384,72.976571
"Sanathnagar, Hyderabad - TSPCB",2026-09-07,1.0475,1.0,1.091,0.89,1.046,High,Hyderabad,Telangana,17.4559458,78.4332152
"Sanegurava Halli, Bengaluru - KSPCB",2026-08-14,0.8602,1.0,1.0,0.57,0.9275,Low,Bengaluru,Karnataka,12.990328,77.5431385
"Sanjay Nagar, Ghaziabad - UPPCB",2026-09-07,1.3172,1.3051,1.4794,0.99,1.3529,High,Ghaziabad,Uttar Pradesh,28.685382,77.453839
"Sanjay Palace, Agra - UPPCB",2026-09-07,1.1935,1.2,1.3884,1.0,1.2412,High,Agra,Uttar Pradesh,27.19865833,78.00598056
"Sanpada, Navi Mumbai - MPCB",2026-09-07,0.7414,1.0,1.0887,1.0,0.8795,High,Navi Mumbai,Maharashtra,19.0575752,73.0151367
"Sardar Patel Inter College, Baghpat - UPPCB",2026-09-07,1.2159,1.1667,1.3014,1.0,1.224,High,Baghpat,Uttar Pradesh,28.964949,77.278761
"Sardar Patel Nagar, Dhanbad - JSPCB",2026-09-07,1.5091,1.3651,1.0,0.64,1.3279,Low,Dhanbad,Jharkhand,23.80569,86.44268
"Satyawati Vihar, Karauli - RSPCB",2026-09-07,1.0169,1.0,1.1107,0.98,1.0352,High,Karauli,Rajasthan,26.506177,77.025989
"Savitribai Phule Pune University, Pune - MPCB",2026-09-07,0.7812,1.0,1.0666,0.94,0.8982,High,Pune,Maharashtra,18.547056,73.826908
"Savta Mali Nagar, Pimpri-Chinchwad - IITM",2026-09-07,1.099,1.0,1.1974,0.89,1.0966,High,Pimpri-Chinchwad,Maharashtra,18.614767,73.799516
"Sawe Wadi, Latur - MPCB",2026-09-07,0.9815,1.0,1.1808,1.0,1.0327,High,Latur,Maharashtra,18.39963,76.57452
"Science Center, Surat - SMC",2026-09-07,1.2126,1.0,1.075,0.9,1.1213,High,Surat,Gujarat,21.170046,72.795405
"Secretariat, Amaravati - APPCB",2026-09-07,1.1279,1.1168,1.2605,0.92,1.1568,High,Amaravati,Andhra Pradesh,16.5150833,80.5181667
"Sector - 125, Noida - UPPCB",2026-09-07,1.5489,1.6211,1.3914,0.98,1.5252,High,Noida,Uttar Pradesh,28.5447608,77.3231257
"Sector - 62, Noida - IITM",2026-09-07,1.6724,1.5764,1.5419,0.89,1.6147,High,Noida,Uttar Pradesh,28.6245479,77.3577104
"Sector 11, Faridabad - HSPCB",2026-09-07,2.288,1.9493,1.5529,0.99,1.9952,High,Faridabad,Haryana,28.376058,77.315741
"Sector 22, Chandigarh - CPCC",2026-09-07,0.8637,1.0,1.1589,0.99,0.9642,High,Chandigarh,Chandigarh,30.735567,76.775714
"Sector 30, Faridabad - HSPCB",2026-09-07,1.7548,1.5175,1.1506,0.98,1.5227,High,Faridabad,Haryana,28.4417,77.3217
"Sector-1, Noida - UPPCB",2026-09-07,1.479,1.5521,1.2134,0.98,1.4247,High,Noida,Uttar Pradesh,28.5898,77.3101
"Sector-10, Gandhinagar - GPCB",2026-09-07,1.0978,1.0389,1.2201,0.92,1.1118,High,Gandhinagar,Gujarat,23.221714,72.654328
"Sector-116, Noida - UPPCB",2026-09-07,1.939,1.9316,1.5933,0.98,1.8443,High,Noida,Uttar Pradesh,28.56923,77.393848
"Sector-12, Karnal - HSPCB",2026-09-07,1.3615,1.3333,1.4261,1.0,1.3702,High,Karnal,Haryana,29.6953,77.0027
"Sector-18, Panipat - HSPCB",2026-09-07,1.8996,1.8971,1.8687,0.98,1.8912,High,Panipat,Haryana,29.432304,76.972765
"Sector-2 IMT, Manesar - HSPCB",2026-09-07,1.7979,1.8235,1.7051,0.96,1.7805,High,Manesar,Haryana,28.360699,76.93609
"Sector-2 Industrial Area, Pithampur - MPPCB",2026-09-07,1.7602,1.8971,1.7266,0.98,1.7848,High,Pithampur,Madhya Pradesh,22.624758,75.675238
"Sector-2 Murlipura, Jaipur - RSPCB",2026-09-07,1.3423,1.3,1.2917,1.0,1.3188,High,Jaipur,Rajasthan,26.960669,75.771817
"Sector-2, Rourkela - OSPCB",2026-09-07,1.066,1.0,1.0,0.78,1.0325,Medium,Rourkela,Odisha,22.245,84.88111111
"Sector-25, Chandigarh - CPCC",2026-09-07,1.0139,1.0,1.2528,0.99,1.0653,High,Chandigarh,Chandigarh,30.751462,76.762879
"Sector-2E Kalamboli, Navi Mumbai - MPCB",2026-09-07,0.8367,1.0,1.1107,1.0,0.939,High,Navi Mumbai,Maharashtra,19.02579,73.10297
"Sector-3B Avas Vikas Colony, Agra - UPPCB",2026-09-07,1.3656,1.1074,1.1779,0.96,1.2489,High,Agra,Uttar Pradesh,27.19412,77.96237
"Sector-51, Gurugram - HSPCB",2026-09-07,1.9227,1.8235,1.7938,0.96,1.8648,High,Gurugram,Haryana,28.4227,77.0667
"Sector-53, Chandigarh - CPCC",2026-09-07,0.7791,1.0,1.138,0.95,0.9117,High,Chandigarh,Chandigarh,30.719859,76.738637
"Sector-6, Panchkula - HSPCB ",2026-09-07,1.3155,1.0,1.1307,0.89,1.1827,High,Panchkula,Haryana,30.7057778,76.8531805555555
"Sector-7, Kurukshetra - HSPCB",2026-09-07,1.3687,1.3,1.2216,1.0,1.3133,High,Kurukshetra,Haryana,29.966942,76.875879
"Sector-D Industrial Area, Mandideep - MPPCB",2026-09-07,1.4799,1.5667,1.3927,1.0,1.4785,High,Mandideep,Madhya Pradesh,23.10844,77.511428
"Semmandalam, Cuddalore - TNPCB",2026-09-07,1.2225,1.1491,1.2397,0.46,1.2079,Low,Cuddalore,Tamil Nadu,11.7637683,79.7499835
"Sewri, Mumbai - BMC",2026-09-07,0.8655,1.0,1.0739,0.99,0.9471,High,Mumbai,Maharashtra,19.000084,72.85673
"Shadipur, Delhi - CPCB",2026-09-07,1.3265,1.1356,1.1831,0.99,1.24,High,Delhi,Delhi,28.6514781,77.1473105
"Shahjahan Garden, Agra - UPPCB",2026-09-07,1.1801,1.1,1.1387,1.0,1.1492,High,Agra,Uttar Pradesh,27.169338,78.03582
"Shasthri Nagar, Ratlam - IPCA Lab",2026-09-07,1.3174,1.0,1.1122,0.88,1.1787,High,Ratlam,Madhya Pradesh,23.331731,75.045981
"Shastri Nagar, Chittorgarh - RSPCB",2026-09-07,1.4409,1.4,1.3813,1.0,1.4155,High,Chittorgarh,Rajasthan,24.892047,74.623527
"Shastri Nagar, Jaipur - RSPCB",2026-09-07,1.5958,1.9316,1.4261,0.98,1.6275,High,Jaipur,Rajasthan,26.9502929,75.730943
"Shastri Nagar, Narnaul - HSPCB",2026-09-07,1.607,1.6,1.2117,1.0,1.4958,High,Narnaul,Haryana,28.060249,76.113115
"Shastri Nagar, Tonk - RSPCB",2026-09-07,1.4176,1.6,1.3741,1.0,1.4498,High,Tonk,Rajasthan,26.159933,75.780517
"Shastripuram, Agra - UPPCB",2026-09-07,1.1948,1.0345,1.1491,0.98,1.1413,High,Agra,Uttar Pradesh,27.19862,77.92066
"Shivaji Nagar, Jhansi - UPPCB",2026-09-07,1.1818,1.0,1.1543,0.97,1.1268,High,Jhansi,Uttar Pradesh,25.4547,78.6039
"Shivaji Nagar, Mumbai - BMC",2026-09-07,0.9951,1.0,1.3001,0.98,1.0652,High,Mumbai,Maharashtra,19.060498,72.923356
"Shivaji Nagar, Rishikesh - UKPCB",2026-09-07,0.3487,1.0,1.0,1.0,0.5905,High,Rishikesh,Uttarakhand,30.075911,78.2859547
"Shivaji University, Kolhapur - MPCB",2026-09-07,0.8807,1.0,1.1481,0.98,0.9714,High,Kolhapur,Maharashtra,16.6870449,74.2505872
"Shivapura_Peenya, Bengaluru - KSPCB",2026-09-07,1.2393,1.0,1.0375,0.89,1.1235,High,Bengaluru,Karnataka,13.0246342,77.5080115
"Shivneri Colony, Amravati - MPCB",2026-09-07,0.9251,1.0,1.1471,0.98,0.9954,High,Amravati,Maharashtra,20.9402359,77.7895248
"Shri Shivaji Science College, Amravati - MPCB",2026-09-07,0.9054,1.0,1.2186,0.97,0.9997,High,Amravati,Maharashtra,20.939198,77.765701
"Shrinath Puram, Kota - RSPCB",2026-09-07,1.2824,1.069,1.1122,0.98,1.1825,High,Kota,Rajasthan,25.14389,75.821256
"Shrivastav Colony, Damoh - MPPCB",2026-09-07,0.9296,1.0,1.0279,0.89,0.9708,High,Damoh,Madhya Pradesh,23.81748678,79.446246
"Shyam Nagar, Palwal - HSPCB",2026-09-07,1.3011,1.3333,1.136,1.0,1.2654,High,Palwal,Haryana,28.1485564,77.3320667
"Siddharth Nagar-Worli, Mumbai - IITM",2026-09-07,0.8357,1.0,1.0887,0.78,0.9338,Medium,Mumbai,Maharashtra,19.000083,72.813993
"Sidhi Vinayak Nagar, Ulhasnagar - MPCB",2026-09-07,1.049,1.0345,1.4621,0.98,1.1359,High,Ulhasnagar,Maharashtra,19.235581,73.159121
"Sikulpuikawn, Aizawl - Mizoram PCB",2026-09-07,0.3128,1.0,1.0,0.81,0.5593,Medium,Aizawl,Mizoram,23.7176342,92.7192841
"Silk Board, Bengaluru - KSPCB",2026-09-07,1.5511,1.5217,1.4214,0.94,1.5104,High,Bengaluru,Karnataka,12.917348,77.622813
"Siltara Phase-II, Raipur - CECB",2026-09-07,1.23,1.0678,1.3014,0.99,1.2042,High,Raipur,Chhattisgarh,21.371751,81.664929
"Sinchan Bhavan, Kolhapur - MPCB",2026-09-07,0.73,1.0,1.0739,0.92,0.8698,High,Kolhapur,Maharashtra,16.7143745,74.2426398
"Sion, Mumbai - MPCB",2026-09-07,0.8226,1.0716,1.2197,0.86,0.9697,High,Mumbai,Maharashtra,19.047,72.8746
"Sirifort, Delhi - CPCB",2026-09-07,1.6845,1.8333,1.4248,1.0,1.65,High,Delhi,Delhi,28.5504249,77.2159377
"Sita Rama Nagar, Kurnool - APPCB",2026-09-07,1.1517,1.0,1.0936,0.92,1.0974,High,Kurnool,Andhra Pradesh,15.83411,78.028546
"Skara Yokma, Leh - LPCC",2026-08-29,0.8047,1.1771,1.521,0.77,1.0377,Medium,Leh,Ladakh,34.147096,77.55709
"Sneh Nagar, Nanded - MPCB",2026-09-06,1.0337,1.0,1.1491,0.98,1.0526,High,Nanded,Maharashtra,19.173852,77.296291
"Somajiguda, Hyderabad - TSPCB",2026-09-07,1.3349,1.1725,1.0757,0.98,1.2244,High,Hyderabad,Telangana,17.417094,78.457437
"Sonia Vihar, Delhi - DPCC",2026-09-07,1.6057,1.7333,1.6205,1.0,1.6405,High,Delhi,Delhi,28.710508,77.249485
"Sri Aurobindo Marg, Delhi - DPCC",2026-09-07,1.3596,1.2811,1.2132,0.97,1.3019,High,Delhi,Delhi,28.531346,77.190156
"Srinivas Nagar Colony, Machilipatnam - APPCB",2026-09-07,1.3628,1.0351,1.1122,0.97,1.2092,High,Machilipatnam,Andhra Pradesh,16.186555,81.13219
"Stuart Hill, Madikeri - KSPCB",2026-09-07,0.6539,1.0,1.0739,0.98,0.8232,High,Madikeri,Karnataka,12.415911,75.73505
"Subash Chowk, Churu - RSPCB",2026-09-07,1.0017,1.1054,1.1651,0.97,1.0662,High,Churu,Rajasthan,28.296139,74.961696
"Suhagi, Jabalpur - JMC",2026-09-07,1.2671,1.1035,1.1356,0.98,1.191,High,Jabalpur,Madhya Pradesh,23.218135,79.95777
"Suryakiran Bhawan NCL, Singrauli - MPPCB",2026-09-03,1.0261,1.0488,1.475,0.84,1.1297,Medium,Singrauli,Madhya Pradesh,24.10897,82.64558
"T T Nagar, Bhopal - MPPCB",2026-09-07,1.1514,1.0,1.1795,0.99,1.1182,High,Bhopal,Madhya Pradesh,23.233584,77.400574
"Talcher Coalfields,Talcher - OSPCB",2026-09-07,1.4696,1.3187,1.193,0.91,1.3577,High,Talcher,Odisha,20.9360711,85.1707021
"Talkatora District Industries Center, Lucknow - CPCB",2026-09-07,1.1698,1.1017,1.3105,0.99,1.1856,High,Lucknow,Uttar Pradesh,26.83399722,80.8917361
"Talkatora Garden, Delhi - DPCC",2026-09-07,1.3401,1.3667,1.2598,1.0,1.3261,High,Delhi,Delhi,28.62181,77.1944633
"Tarakpur, Ahmednagar - MPCB",2026-09-07,0.8298,1.0,1.0887,0.95,0.9305,High,Ahmednagar,Maharashtra,19.10122,74.73339
"Tarapur, Silchar - PCBA",2026-09-07,1.0897,1.0,1.0375,0.99,1.0536,High,Silchar,Assam,24.82827,92.79525
"Tata Stadium, Jorapokhar - JSPCB",2026-09-07,1.3825,1.4407,1.1408,0.99,1.3313,High,Jorapokhar,Jharkhand,23.707909,86.41467
"Tata Township, Bileipada - OSPCB",2026-09-07,1.1574,1.1886,1.2397,0.85,1.1853,High,Bileipada,Odisha,22.06156703,85.47409613
"Teri Gram, Gurugram - HSPCB",2026-09-07,2.0775,1.8667,1.9104,1.0,1.9807,High,Gurugram,Haryana,28.4275,77.1465
"Thavakkara, Kannur - Kerala PCB",2026-09-07,1.4482,1.5976,1.0757,0.91,1.3779,High,Kannur,Kerala,11.875,75.3732
"Thergaon, Pimpri Chinchwad - MPCB",2026-09-07,0.9329,1.0,1.0887,0.98,0.9866,High,Pimpri-Chinchwad,Maharashtra,18.616318,73.765797
"Thimmalapura, Tumakuru - KSPCB",2026-08-12,1.1108,1.0,1.0,0.41,1.0539,Low,Tumakuru,Karnataka,13.377516,77.099072
"Toll Gate, Tirumala - APPCB",2026-09-07,1.0297,1.0667,1.1112,1.0,1.0588,High,Tirumala,Andhra Pradesh,13.67,79.35
"Tondare-Taloja, Navi Mumbai - MPCB",2026-09-06,1.0298,1.0,1.2216,0.93,1.0668,High,Navi Mumbai,Maharashtra,19.063,73.1209
"Town Hall, Munger - BSPCB",2026-09-07,1.4413,1.2357,1.1122,0.85,1.2999,High,Munger,Bihar,25.376776,86.471523
"Transport Nagar, Moradabad - UPPCB",2026-09-07,1.476,1.3939,1.5638,0.96,1.4762,High,Moradabad,Uttar Pradesh,28.802625,78.753728
"Transport Nagar-Nigdi, Pune - IITM",2026-09-07,1.1968,1.0,1.1129,0.89,1.1236,High,Pimpri-Chinchwad,Maharashtra,18.664282,73.763966
"Trivenidevi Bhalotia College, Asansol - WBPCB",2026-09-07,0.9112,1.0,1.0555,0.95,0.9675,High,Asansol,West Bengal,23.616515,87.119133
"Udyogamandal, Eloor - Kerala PCB",2026-09-07,1.1483,1.0,1.0222,0.91,1.0775,High,Eloor,Kerala,10.073232,76.302765
"Upvan Fort, Thane - MPCB",2026-09-07,0.7541,1.0,1.037,0.98,0.8763,High,Thane,Maharashtra,19.222279,72.957979
"Urban Estate-II, Hisar - HSPCB",2026-09-07,1.408,1.2415,1.415,0.98,1.3661,High,Hisar,Haryana,29.14056,75.744941
"Urban, Chamarajanagar - KSPCB",2026-09-07,1.0716,1.0,1.0597,0.99,1.0503,High,Chamarajanagar,Karnataka,11.55358,76.55521
"Urja Nagar, Korba - CECB",2026-09-07,0.628,1.0,1.1107,0.98,0.8135,High,Korba,Chhattisgarh,22.348441,82.549611
"Vaikuntapuram, Tirupati - APPCB",2026-09-07,1.4206,1.0761,1.1114,0.93,1.2465,High,Tirupati,Andhra Pradesh,13.615387,79.40923
"Vasundhara Nagar_UIT, Bhiwadi - RSPCB",2026-09-07,1.3742,1.3012,1.2726,0.88,1.3298,High,Bhiwadi,Rajasthan,28.207266,76.829265
"Vasundhara, Ghaziabad - UPPCB",2026-09-07,1.6342,1.6573,1.6599,0.95,1.6464,High,Ghaziabad,Uttar Pradesh,28.6603346,77.3572563
"Ved Vihar-Loni, Ghaziabad - UPPCB",2026-09-07,1.6455,1.712,1.7948,0.99,1.6983,High,Ghaziabad,Uttar Pradesh,28.739153,77.273668
"Vedhaynath Colony, Sirohi - RSPCB",2026-09-07,1.0517,1.0333,1.1107,1.0,1.0615,High,Sirohi,Rajasthan,24.885261,72.857549
"Velachery Res. Area, Chennai - CPCB",2026-09-07,1.3076,1.3,1.081,1.0,1.2451,High,Chennai,Tamil Nadu,13.0052189,80.2398125
"Vibhab Nagar, Firozabad - UPPCB",2026-09-07,0.8997,1.0,1.037,0.9,0.9572,High,Firozabad,Uttar Pradesh,27.1594,78.3953
"Victoria, Kolkata - WBPCB",2026-09-06,1.6823,1.6676,1.5224,0.97,1.6372,High,Kolkata,West Bengal,22.5448082,88.3403691
"Vidayagiri, Bagalkot - KSPCB",2026-08-12,1.0949,1.0,1.0,0.73,1.0464,Medium,Bagalkot,Karnataka,16.172806,75.659694
"Vidhyanagar, Bhavnagar - Nexteng Enviro",2026-09-07,1.1443,1.0,1.0444,1.0,1.0814,High,Bhavnagar,Gujarat,21.755417,72.139056
"Vigyan Nagar, Alwar - RSPCB",2026-09-07,1.2921,1.3984,1.1974,0.91,1.2931,High,Alwar,Rajasthan,27.598796,76.63861
"Vijay Nagar, Ramanagara - KSPCB",2026-09-07,0.964,1.0333,1.1107,0.9,1.0162,High,Ramanagara,Karnataka,12.733409,77.298051
"Vijay Nagar, Sangli - MPCB",2026-09-07,0.8533,1.0,1.1107,0.96,0.9483,High,Sangli,Maharashtra,16.5038,74.3623
"Vikas Sadan, Gurugram - HSPCB",2026-09-07,1.6643,1.7233,1.8082,0.93,1.714,High,Gurugram,Haryana,28.4501238,77.0263051
"Vinoba Nagara, Shivamogga - KSPCB",2026-09-07,1.1433,1.0,1.2201,1.0,1.1238,High,Shivamogga,Karnataka,13.94,75.555917
"Vithalwadi, Ulhasnagar - MPCB",2026-09-07,0.7894,1.0,1.1434,1.0,0.9187,High,Ulhasnagar,Maharashtra,19.2307571,73.155192
"Vivek Vihar, Delhi - DPCC",2026-09-07,1.469,1.6103,1.3806,0.99,1.48,High,Delhi,Delhi,28.672342,77.31526
"Ward-32 Bapupara, Siliguri - WBPCB",2026-09-05,1.1276,1.6573,1.0666,0.95,1.2244,High,Siliguri,West Bengal,26.6879226,88.4152495
"Wave City, Ghaziabad - UPPCB",2026-09-07,0.4529,1.0,1.0,0.5,0.673,Low,Ghaziabad,Uttar Pradesh,28.646675,77.489049
"Wazirpur, Delhi - DPCC",2026-09-07,2.0361,1.8784,1.68,0.97,1.9018,High,Delhi,Delhi,28.699793,77.165453
"Womens College_City Center, Durgapur - WBPCB",2026-09-07,1.2607,1.2034,1.4609,0.99,1.2929,High,Durgapur,West Bengal,23.549395,87.300496
"Worli, Mumbai - MPCB",2026-09-07,1.0139,1.0373,1.1107,0.94,1.0432,High,Mumbai,Maharashtra,18.9936162,72.8128113
"Yamunapuram, Bulandshahr - UPPCB",2026-09-07,1.304,1.3333,1.3862,1.0,1.3315,High,Bulandshahr,Uttar Pradesh,28.406963,77.849831
"Yerramukkapalli, Kadapa - APPCB",2026-09-06,1.4421,1.4383,1.3101,0.91,1.407,High,Kadapa,Andhra Pradesh,14.465052,78.824187
"Zero Point GICI, Gangtok - SSPCB",2026-09-07,0.6995,1.0,1.1471,0.84,0.8656,Medium,Gangtok,Sikkim,27.33853,88.614099
"Zoo Park, Hyderabad - TSPCB",2026-09-07,0.8081,1.0,1.2022,0.96,0.9413,High,Hyderabad,Telangana,17.349694,78.451437
